order_id,item_number,customer_id,product_id,order_date,quantity,unit_price,status
10000,1,7,21,2025-10-04,1,404.28,cancelled
10001,1,22,14,2025-09-06,4,217.33,completed
10001,2,52,29,2025-01-31,2,56.18,completed
10002,1,34,30,2025-08-21,3,407.85,completed
10002,2,94,26,2025-10-12,4,108.07,completed
10002,3,38,7,2025-01-30,5,296.58,completed
10002,4,8,24,2025-06-10,1,277.42,completed
10003,1,65,30,2025-09-29,2,407.85,completed
10003,2,66,3,2025-04-06,1,253.0,completed
10003,3,87,28,2025-05-01,4,439.75,completed
10003,4,73,8,2025-10-24,5,136.64,completed
10004,1,54,22,2025-10-26,5,72.45,completed
10005,1,27,22,2025-06-10,2,72.45,completed
10005,2,17,22,2025-11-27,3,72.45,completed
10005,3,97,30,2025-02-07,1,407.85,completed
10006,1,10,18,2025-04-20,5,330.17,completed
10007,1,9,29,2025-05-06,3,56.18,completed
10007,2,57,27,2025-10-06,3,242.06,completed
10007,3,84,17,2025-01-05,5,333.66,completed
10008,1,18,9,2025-03-01,1,247.03,completed
10009,1,35,10,2025-11-06,2,215.39,completed
10009,2,27,22,2025-11-21,3,72.45,completed
10010,1,7,3,2025-11-21,4,253.0,completed
10010,2,6,1,2025-06-20,2,266.79,completed
10010,3,34,6,2025-08-15,5,443.54,completed
10011,1,15,3,2025-12-20,2,253.0,completed
10012,1,75,18,2025-03-17,4,330.17,completed
10012,2,40,12,2025-01-21,3,336.31,completed
10012,3,32,22,2025-02-22,3,72.45,completed
10013,1,80,24,2025-03-21,2,277.42,completed
10013,2,23,29,2025-07-31,1,56.18,completed
10013,3,43,26,2025-07-30,2,108.07,completed
10013,4,90,4,2025-07-15,1,278.83,completed
10014,1,26,27,2025-08-24,3,242.06,completed
10014,2,30,8,2025-01-13,2,136.64,completed
10015,1,9,25,2025-05-23,3,87.29,completed
10015,2,52,22,2025-10-02,3,72.45,cancelled
10015,3,15,29,2025-05-14,2,56.18,completed
10016,1,5,4,2025-11-02,4,278.83,completed
10016,2,41,14,2025-11-07,5,217.33,completed
10016,3,74,7,2025-05-11,1,296.58,completed
10017,1,67,30,2025-10-03,2,407.85,completed
10018,1,86,30,2025-06-19,5,407.85,completed
10019,1,93,29,2025-06-03,5,56.18,completed
10020,1,42,13,2025-12-23,3,190.06,completed
10020,2,25,14,2025-12-07,4,217.33,completed
10020,3,23,20,2025-10-19,3,369.54,completed
10020,4,1,10,2025-05-27,2,215.39,completed
10021,1,60,15,2025-08-15,2,434.64,completed
10021,2,95,6,2025-12-04,1,443.54,completed
10021,3,85,21,2025-11-14,3,404.28,completed
10022,1,87,10,2025-04-26,2,215.39,completed
10022,2,6,8,2025-09-01,5,136.64,completed
10023,1,59,14,2025-11-19,5,217.33,completed
10024,1,64,13,2025-05-05,2,190.06,completed
10024,2,1,29,2025-02-24,4,56.18,completed
10024,3,90,17,2025-08-26,1,333.66,completed
10024,4,16,15,2025-03-10,4,434.64,completed
10025,1,97,29,2025-08-15,5,56.18,completed
10025,2,65,14,2025-10-08,4,217.33,completed
10025,3,96,28,2025-09-01,4,439.75,completed
10026,1,82,9,2025-09-24,4,247.03,completed
10026,2,36,15,2025-02-09,3,434.64,completed
10027,1,41,29,2025-10-04,1,56.18,completed
10027,2,30,13,2025-12-22,2,190.06,completed
10027,3,9,14,2025-07-28,3,217.33,completed
10028,1,8,7,2025-08-04,4,296.58,cancelled
10028,2,75,23,2025-01-11,5,111.96,completed
10028,3,1,12,2025-06-02,4,336.31,completed
10028,4,54,18,2025-10-07,5,330.17,completed
10029,1,29,9,2025-08-12,4,247.03,completed
10029,2,44,22,2025-12-14,4,72.45,completed
10029,3,60,30,2025-03-07,5,407.85,completed
10029,4,51,19,2025-10-16,1,49.09,completed
10030,1,18,28,2025-08-25,2,439.75,completed
10030,2,49,11,2025-04-19,4,65.28,completed
10030,3,98,29,2025-07-14,3,56.18,completed
10030,4,54,9,2025-02-11,4,247.03,completed
10031,1,45,8,2025-11-29,1,136.64,completed
10032,1,97,1,2025-05-07,2,266.79,completed
10033,1,31,5,2025-08-31,1,367.21,completed
10033,2,28,15,2025-12-25,3,434.64,completed
10034,1,78,20,2025-02-28,2,369.54,cancelled
10034,2,14,19,2025-01-14,3,49.09,completed
10035,1,51,23,2025-04-12,1,111.96,completed
10035,2,81,8,2025-02-22,3,136.64,completed
10035,3,77,26,2025-03-03,5,108.07,completed
10035,4,45,18,2025-08-08,3,330.17,completed
10036,1,2,28,2025-08-04,4,439.75,completed
10036,2,47,21,2025-08-24,2,404.28,completed
10036,3,94,17,2025-11-30,3,333.66,completed
10037,1,60,14,2025-10-31,3,217.33,completed
10037,2,32,27,2025-02-14,3,242.06,completed
10037,3,32,25,2025-08-26,5,87.29,completed
10037,4,49,11,2025-01-15,4,65.28,completed
10038,1,63,7,2025-07-01,3,296.58,completed
10038,2,77,23,2025-05-22,5,111.96,completed
10039,1,11,8,2025-07-28,4,136.64,completed
10039,2,31,23,2025-09-01,4,111.96,completed
10040,1,12,10,2025-04-24,4,215.39,completed
10041,1,85,19,2025-07-08,4,49.09,completed
10041,2,45,14,2025-10-09,3,217.33,completed
10041,3,59,9,2025-06-06,3,247.03,completed
10042,1,41,4,2025-10-02,2,278.83,completed
10042,2,95,16,2025-05-22,5,46.0,refunded
10043,1,13,27,2025-04-10,3,242.06,completed
10043,2,23,10,2025-01-08,5,215.39,completed
10043,3,6,2,2025-10-11,3,153.67,completed
10044,1,82,28,2025-09-09,1,439.75,completed
10044,2,74,10,2025-08-29,4,215.39,completed
10045,1,7,9,2025-09-02,1,247.03,completed
10045,2,52,16,2025-02-07,5,46.0,completed
10046,1,20,5,2025-10-16,3,367.21,completed
10047,1,16,18,2025-08-02,5,330.17,completed
10047,2,80,8,2025-09-25,4,136.64,completed
10048,1,39,28,2025-10-29,4,439.75,completed
10048,2,80,2,2025-11-09,1,153.67,cancelled
10048,3,27,21,2025-04-19,3,404.28,completed
10048,4,21,8,2025-03-30,5,136.64,completed
10049,1,53,15,2025-12-19,5,434.64,completed
10050,1,30,10,2025-12-28,3,215.39,completed
10051,1,10,22,2025-04-30,3,72.45,completed
10051,2,81,19,2025-12-05,2,49.09,completed
10051,3,70,8,2025-11-28,2,136.64,cancelled
10051,4,19,3,2025-01-31,2,253.0,completed
10052,1,57,4,2025-08-28,3,278.83,completed
10052,2,35,17,2025-10-04,4,333.66,completed
10052,3,77,2,2025-08-10,3,153.67,completed
10053,1,12,8,2025-12-12,5,136.64,completed
10054,1,98,22,2025-05-18,5,72.45,completed
10055,1,61,17,2025-11-30,4,333.66,cancelled
10055,2,24,19,2025-08-12,4,49.09,cancelled
10056,1,45,14,2025-06-20,3,217.33,completed
10056,2,21,11,2025-07-30,4,65.28,completed
10056,3,52,27,2025-10-09,1,242.06,completed
10056,4,41,9,2025-06-15,1,247.03,refunded
10057,1,66,27,2025-01-01,5,242.06,completed
10057,2,7,7,2025-09-23,3,296.58,completed
10057,3,64,21,2025-08-15,1,404.28,completed
10057,4,71,5,2025-05-28,4,367.21,completed
10058,1,16,1,2025-11-19,5,266.79,completed
10058,2,91,6,2025-06-09,5,443.54,completed
10058,3,53,3,2025-04-26,1,253.0,completed
10058,4,16,21,2025-03-20,4,404.28,cancelled
10059,1,66,23,2025-05-20,4,111.96,completed
10059,2,61,8,2025-08-22,5,136.64,completed
10059,3,25,30,2025-11-03,5,407.85,completed
10060,1,9,9,2025-08-01,3,247.03,cancelled
10060,2,65,9,2025-01-02,3,247.03,completed
10061,1,20,15,2025-10-03,4,434.64,completed
10061,2,71,25,2025-10-06,4,87.29,completed
10061,3,42,28,2025-04-07,2,439.75,completed
10061,4,30,28,2025-07-30,1,439.75,completed
10062,1,91,30,2025-07-15,4,407.85,refunded
10062,2,84,5,2025-09-11,1,367.21,completed
10062,3,76,11,2025-02-21,4,65.28,completed
10062,4,59,1,2025-03-15,4,266.79,completed
10063,1,10,16,2025-05-16,3,46.0,completed
10063,2,51,21,2025-02-11,3,404.28,completed
10064,1,41,21,2025-09-07,5,404.28,completed
10064,2,9,8,2025-11-20,3,136.64,refunded
10064,3,96,3,2025-08-11,1,253.0,completed
10064,4,91,28,2025-02-21,4,439.75,completed
10065,1,4,2,2025-06-16,1,153.67,completed
10065,2,48,14,2025-03-16,2,217.33,completed
10065,3,73,22,2025-04-03,2,72.45,completed
10066,1,80,22,2025-05-04,4,72.45,cancelled
10066,2,19,8,2025-08-25,3,136.64,completed
10066,3,86,1,2025-08-27,3,266.79,completed
10066,4,21,3,2025-08-15,3,253.0,refunded
10067,1,82,14,2025-12-20,3,217.33,completed
10067,2,39,7,2025-07-16,4,296.58,completed
10067,3,49,19,2025-07-03,5,49.09,completed
10068,1,3,27,2025-12-04,4,242.06,completed
10068,2,73,28,2025-12-18,1,439.75,cancelled
10068,3,96,16,2025-05-27,2,46.0,completed
10069,1,29,21,2025-04-08,5,404.28,completed
10069,2,97,24,2025-12-04,2,277.42,completed
10069,3,81,21,2025-01-21,3,404.28,completed
10070,1,75,12,2025-03-09,1,336.31,cancelled
10071,1,96,14,2025-03-31,2,217.33,completed
10071,2,70,29,2025-07-07,5,56.18,completed
10071,3,35,27,2025-03-26,3,242.06,cancelled
10072,1,38,24,2025-06-23,1,277.42,completed
10072,2,10,5,2025-04-26,4,367.21,cancelled
10072,3,72,12,2025-02-16,4,336.31,completed
10072,4,69,4,2025-08-21,3,278.83,completed
10073,1,75,13,2025-11-23,3,190.06,completed
10073,2,30,16,2025-01-13,5,46.0,completed
10073,3,72,11,2025-11-09,2,65.28,completed
10074,1,90,10,2025-11-29,4,215.39,completed
10074,2,6,2,2025-06-05,4,153.67,completed
10074,3,31,29,2025-10-03,2,56.18,completed
10074,4,48,22,2025-12-23,5,72.45,completed
10075,1,54,21,2025-02-20,4,404.28,completed
10075,2,36,2,2025-12-20,3,153.67,completed
10076,1,31,28,2025-07-05,1,439.75,refunded
10076,2,48,18,2025-11-27,3,330.17,completed
10076,3,36,7,2025-03-04,4,296.58,completed
10076,4,28,21,2025-11-24,5,404.28,refunded
10077,1,43,8,2025-03-06,5,136.64,completed
10078,1,76,7,2025-04-30,3,296.58,completed
10078,2,77,1,2025-05-22,2,266.79,refunded
10079,1,23,4,2025-12-05,1,278.83,completed
10079,2,46,26,2025-05-02,5,108.07,completed
10079,3,23,9,2025-01-27,2,247.03,completed
10080,1,96,3,2025-09-01,4,253.0,completed
10081,1,58,17,2025-04-24,5,333.66,completed
10082,1,59,21,2025-01-16,1,404.28,refunded
10082,2,52,14,2025-12-18,1,217.33,completed
10082,3,57,3,2025-02-11,3,253.0,completed
10083,1,17,9,2025-11-16,5,247.03,completed
10084,1,49,20,2025-09-29,3,369.54,completed
10084,2,78,14,2025-02-20,1,217.33,completed
10084,3,84,29,2025-10-10,2,56.18,completed
10085,1,53,11,2025-08-21,4,65.28,completed
10085,2,13,11,2025-08-07,3,65.28,completed
10086,1,20,22,2025-08-31,1,72.45,completed
10086,2,11,3,2025-08-10,1,253.0,completed
10086,3,48,26,2025-03-08,5,108.07,completed
10087,1,86,4,2025-07-30,3,278.83,completed
10087,2,97,14,2025-01-27,3,217.33,completed
10087,3,46,4,2025-10-23,5,278.83,completed
10088,1,29,28,2025-02-25,3,439.75,completed
10088,2,48,4,2025-05-23,5,278.83,completed
10088,3,55,28,2025-10-15,5,439.75,completed
10088,4,83,18,2025-01-14,5,330.17,cancelled
10089,1,4,6,2025-05-20,3,443.54,cancelled
10089,2,45,1,2025-04-03,2,266.79,completed
10089,3,52,3,2025-03-14,1,253.0,completed
10090,1,49,14,2025-08-21,3,217.33,completed
10090,2,40,24,2025-06-16,5,277.42,completed
10091,1,20,6,2025-11-13,1,443.54,completed
10092,1,57,22,2025-08-06,4,72.45,completed
10092,2,54,9,2025-04-21,5,247.03,completed
10092,3,56,4,2025-05-26,5,278.83,completed
10093,1,6,8,2025-07-22,5,136.64,completed
10093,2,27,10,2025-04-19,2,215.39,completed
10093,3,38,11,2025-03-03,1,65.28,completed
10094,1,23,5,2025-07-14,5,367.21,completed
10094,2,65,18,2025-12-09,3,330.17,completed
10094,3,95,2,2025-08-12,1,153.67,completed
10094,4,10,28,2025-06-10,5,439.75,completed
10095,1,91,21,2025-08-02,3,404.28,completed
10095,2,3,11,2025-03-29,5,65.28,completed
10095,3,89,30,2025-07-05,1,407.85,completed
10095,4,14,8,2025-08-12,5,136.64,completed
10096,1,51,28,2025-06-08,3,439.75,completed
10097,1,10,17,2025-11-21,1,333.66,completed
10097,2,25,29,2025-06-28,3,56.18,completed
10098,1,31,4,2025-03-16,3,278.83,completed
10098,2,78,5,2025-12-02,1,367.21,completed
10099,1,60,25,2025-10-16,5,87.29,completed
10099,2,73,21,2025-11-22,5,404.28,completed
10099,3,81,11,2025-03-19,4,65.28,completed
10099,4,57,21,2025-06-05,3,404.28,completed
10100,1,65,3,2025-06-08,4,253.0,completed
10100,2,8,12,2025-05-27,1,336.31,completed
10100,3,12,20,2025-11-01,5,369.54,completed
10101,1,58,30,2025-10-20,2,407.85,completed
10102,1,65,5,2025-02-01,4,367.21,completed
10102,2,44,23,2025-02-13,5,111.96,completed
10102,3,6,8,2025-12-29,4,136.64,refunded
10102,4,68,17,2025-11-09,2,333.66,completed
10103,1,50,14,2025-06-23,5,217.33,completed
10103,2,81,21,2025-06-21,1,404.28,completed
10103,3,72,22,2025-07-17,3,72.45,completed
10104,1,43,3,2025-10-26,2,253.0,cancelled
10104,2,40,21,2025-12-24,4,404.28,completed
10105,1,40,18,2025-07-12,3,330.17,completed
10106,1,83,22,2025-08-05,5,72.45,completed
10107,1,40,6,2025-04-20,3,443.54,cancelled
10107,2,63,7,2025-04-26,2,296.58,completed
10107,3,38,28,2025-02-21,5,439.75,completed
10108,1,85,11,2025-11-13,2,65.28,completed
10109,1,21,6,2025-12-21,5,443.54,completed
10109,2,22,24,2025-08-13,1,277.42,completed
10110,1,57,20,2025-05-26,4,369.54,completed
10110,2,31,10,2025-08-29,2,215.39,completed
10111,1,60,25,2025-05-25,4,87.29,completed
10111,2,54,6,2025-04-13,5,443.54,completed
10111,3,33,2,2025-11-25,4,153.67,completed
10111,4,71,30,2025-02-22,5,407.85,completed
10112,1,11,25,2025-03-24,3,87.29,completed
10112,2,66,5,2025-08-12,1,367.21,cancelled
10112,3,29,27,2025-08-19,3,242.06,cancelled
10113,1,7,13,2025-09-15,3,190.06,completed
10113,2,11,12,2025-04-25,1,336.31,completed
10113,3,13,27,2026-01-01,3,242.06,completed
10113,4,18,2,2025-05-27,4,153.67,completed
10114,1,98,23,2025-08-29,4,111.96,completed
10114,2,11,1,2025-05-12,2,266.79,completed
10115,1,15,25,2025-05-28,2,87.29,completed
10115,2,7,8,2025-08-03,5,136.64,completed
10115,3,15,27,2025-09-13,5,242.06,completed
10115,4,81,17,2025-10-22,2,333.66,completed
10116,1,55,1,2025-11-11,3,266.79,completed
10116,2,54,6,2025-12-07,1,443.54,completed
10116,3,47,3,2025-09-27,5,253.0,completed
10117,1,50,28,2025-08-29,1,439.75,completed
10118,1,33,24,2025-01-09,3,277.42,completed
10118,2,45,8,2025-12-03,1,136.64,completed
10118,3,95,25,2025-06-20,2,87.29,completed
10119,1,83,6,2025-12-17,4,443.54,refunded
10119,2,62,21,2025-04-04,2,404.28,completed
10119,3,100,15,2025-01-19,3,434.64,completed
10120,1,6,11,2025-06-08,5,65.28,completed
10120,2,70,16,2025-05-10,1,46.0,completed
10121,1,37,12,2025-01-25,3,336.31,completed
10121,2,48,14,2025-07-24,4,217.33,completed
10122,1,44,6,2025-09-12,4,443.54,completed
10122,2,67,9,2025-02-12,4,247.03,completed
10122,3,78,27,2025-04-03,5,242.06,completed
10122,4,14,3,2025-06-17,3,253.0,completed
10123,1,22,23,2025-08-16,3,111.96,completed
10123,2,94,28,2025-06-30,5,439.75,refunded
10123,3,36,21,2025-01-30,1,404.28,completed
10123,4,52,12,2025-09-20,2,336.31,cancelled
10124,1,78,22,2025-08-13,1,72.45,completed
10124,2,31,25,2025-11-27,3,87.29,completed
10125,1,78,5,2025-12-14,4,367.21,cancelled
10126,1,57,25,2025-02-09,5,87.29,completed
10126,2,47,13,2025-06-10,3,190.06,completed
10126,3,15,1,2025-04-06,4,266.79,completed
10127,1,34,25,2025-05-14,4,87.29,completed
10128,1,89,30,2025-09-09,2,407.85,completed
10128,2,10,15,2025-03-30,4,434.64,refunded
10128,3,88,28,2025-06-13,3,439.75,completed
10129,1,39,28,2025-03-22,2,439.75,completed
10129,2,66,8,2025-03-04,2,136.64,completed
10129,3,31,26,2025-09-10,1,108.07,completed
10130,1,60,26,2025-10-10,2,108.07,completed
10130,2,12,3,2025-06-08,4,253.0,refunded
10130,3,93,16,2025-09-27,4,46.0,completed
10131,1,17,11,2025-11-25,1,65.28,completed
10132,1,17,29,2025-10-10,5,56.18,completed
10132,2,17,14,2025-09-15,1,217.33,completed
10132,3,67,5,2025-06-05,2,367.21,completed
10133,1,45,17,2025-05-26,1,333.66,completed
10133,2,82,18,2025-05-21,2,330.17,completed
10134,1,65,21,2025-03-28,5,404.28,cancelled
10135,1,22,22,2025-11-16,5,72.45,completed
10135,2,73,2,2025-01-15,1,153.67,completed
10136,1,84,7,2025-10-20,4,296.58,completed
10136,2,4,16,2025-11-18,5,46.0,completed
10136,3,39,16,2025-05-06,4,46.0,completed
10137,1,89,2,2025-03-22,4,153.67,completed
10138,1,27,11,2025-11-07,2,65.28,completed
10138,2,92,11,2025-06-26,4,65.28,completed
10138,3,48,17,2025-10-15,1,333.66,completed
10138,4,60,4,2025-05-17,4,278.83,completed
10139,1,7,10,2025-07-16,5,215.39,completed
10140,1,42,30,2025-10-23,3,407.85,completed
10140,2,21,16,2025-09-21,4,46.0,completed
10141,1,64,1,2025-02-16,4,266.79,completed
10141,2,31,7,2025-10-26,3,296.58,completed
10141,3,37,16,2025-11-02,4,46.0,completed
10142,1,14,14,2025-03-10,3,217.33,completed
10143,1,47,2,2025-07-25,1,153.67,completed
10143,2,25,12,2025-10-11,3,336.31,completed
10143,3,65,15,2025-10-09,3,434.64,completed
10143,4,80,22,2025-11-09,1,72.45,completed
10144,1,51,12,2025-06-23,5,336.31,cancelled
10145,1,26,20,2025-09-18,4,369.54,completed
10145,2,6,2,2025-03-12,3,153.67,completed
10146,1,20,20,2025-09-21,2,369.54,completed
10146,2,79,11,2025-03-25,4,65.28,refunded
10146,3,95,27,2025-06-03,5,242.06,completed
10146,4,66,18,2025-09-08,5,330.17,completed
10147,1,48,11,2025-12-11,1,65.28,refunded
10148,1,93,28,2025-12-19,1,439.75,completed
10148,2,34,21,2025-10-24,5,404.28,completed
10148,3,7,19,2025-09-03,2,49.09,completed
10149,1,19,27,2025-12-15,2,242.06,completed
10149,2,90,4,2025-04-08,1,278.83,completed
10149,3,54,5,2025-07-31,2,367.21,completed
10149,4,100,20,2025-08-30,1,369.54,completed
10150,1,72,11,2025-12-06,4,65.28,completed
10150,2,41,6,2025-08-24,5,443.54,completed
10151,1,87,25,2025-12-15,3,87.29,completed
10151,2,25,8,2025-05-23,5,136.64,completed
10151,3,39,25,2025-05-28,2,87.29,completed
10152,1,41,16,2025-06-28,5,46.0,cancelled
10152,2,93,9,2025-05-28,1,247.03,completed
10152,3,70,13,2025-07-22,3,190.06,cancelled
10152,4,19,10,2025-01-22,3,215.39,cancelled
10153,1,45,30,2025-08-15,3,407.85,completed
10154,1,26,27,2025-10-03,3,242.06,cancelled
10154,2,90,9,2025-03-12,1,247.03,completed
10155,1,32,2,2025-12-09,5,153.67,completed
10155,2,30,2,2025-02-21,4,153.67,completed
10156,1,13,22,2025-03-12,1,72.45,cancelled
10156,2,21,14,2025-12-01,4,217.33,completed
10156,3,26,25,2025-05-28,3,87.29,completed
10156,4,8,30,2025-02-15,5,407.85,completed
10157,1,23,14,2025-04-01,1,217.33,refunded
10158,1,64,6,2025-05-29,1,443.54,completed
10158,2,73,20,2025-02-24,3,369.54,completed
10158,3,83,18,2025-09-26,4,330.17,completed
10158,4,18,28,2025-09-16,4,439.75,completed
10159,1,43,6,2025-08-23,3,443.54,completed
10160,1,95,11,2025-06-01,5,65.28,completed
10161,1,23,20,2025-11-24,4,369.54,completed
10161,2,66,11,2025-02-14,4,65.28,completed
10162,1,18,16,2025-06-15,2,46.0,completed
10162,2,50,8,2025-08-17,3,136.64,cancelled
10163,1,75,24,2025-10-21,1,277.42,completed
10163,2,47,23,2025-05-01,1,111.96,completed
10163,3,60,10,2025-03-23,4,215.39,completed
10164,1,89,4,2025-11-24,3,278.83,completed
10164,2,29,8,2025-03-10,4,136.64,completed
10164,3,96,20,2025-07-11,4,369.54,completed
10165,1,97,18,2025-12-07,2,330.17,completed
10165,2,88,25,2025-11-02,1,87.29,completed
10165,3,68,23,2025-07-05,1,111.96,cancelled
10165,4,15,2,2025-10-08,5,153.67,completed
10166,1,22,11,2025-09-24,4,65.28,completed
10166,2,27,23,2025-10-26,4,111.96,completed
10167,1,8,15,2025-03-09,5,434.64,completed
10167,2,73,2,2025-10-14,4,153.67,completed
10167,3,40,24,2025-01-12,4,277.42,completed
10167,4,1,24,2025-04-22,5,277.42,completed
10168,1,45,23,2025-02-02,5,111.96,refunded
10168,2,9,30,2025-08-30,1,407.85,completed
10168,3,24,25,2025-03-11,4,87.29,completed
10168,4,49,15,2025-07-13,4,434.64,completed
10169,1,84,28,2025-06-28,1,439.75,completed
10169,2,69,13,2025-09-28,2,190.06,completed
10170,1,1,25,2025-01-12,3,87.29,completed
10170,2,93,18,2025-08-06,5,330.17,completed
10171,1,32,15,2025-06-27,2,434.64,completed
10171,2,93,25,2025-02-27,1,87.29,completed
10172,1,79,25,2025-01-09,2,87.29,completed
10172,2,13,20,2025-01-18,4,369.54,completed
10172,3,91,28,2025-01-25,2,439.75,completed
10172,4,52,15,2025-04-30,5,434.64,completed
10173,1,18,17,2025-05-29,2,333.66,completed
10174,1,74,20,2025-12-11,3,369.54,completed
10174,2,19,22,2025-09-24,2,72.45,completed
10174,3,36,2,2025-10-13,5,153.67,completed
10175,1,81,22,2025-08-07,5,72.45,completed
10175,2,45,21,2025-12-10,4,404.28,completed
10176,1,90,14,2025-07-29,2,217.33,completed
10176,2,24,25,2025-10-03,4,87.29,completed
10176,3,29,10,2025-12-29,2,215.39,completed
10177,1,72,14,2025-08-02,5,217.33,completed
10178,1,32,9,2025-04-15,3,247.03,completed
10178,2,58,28,2025-07-09,1,439.75,completed
10178,3,25,2,2025-05-18,4,153.67,completed
10178,4,78,2,2025-02-07,2,153.67,completed
10179,1,62,7,2025-06-20,3,296.58,cancelled
10179,2,2,7,2025-04-08,1,296.58,completed
10180,1,32,23,2025-11-06,2,111.96,completed
10180,2,31,18,2025-06-14,3,330.17,completed
10180,3,69,21,2025-07-03,3,404.28,completed
10180,4,66,29,2025-09-12,4,56.18,completed
10181,1,98,27,2025-06-13,2,242.06,completed
10181,2,53,2,2025-10-16,2,153.67,completed
10181,3,3,9,2025-10-11,5,247.03,completed
10181,4,54,10,2025-03-20,2,215.39,completed
10182,1,73,27,2025-05-06,4,242.06,completed
10182,2,88,11,2025-05-12,4,65.28,cancelled
10182,3,83,24,2025-09-09,4,277.42,completed
10182,4,46,6,2025-03-13,5,443.54,completed
10183,1,68,2,2025-02-08,1,153.67,completed
10184,1,18,27,2025-11-19,2,242.06,completed
10184,2,20,1,2025-04-22,5,266.79,completed
10184,3,8,20,2025-11-23,5,369.54,cancelled
10184,4,85,16,2025-01-09,1,46.0,completed
10185,1,2,1,2025-09-29,3,266.79,completed
10185,2,37,1,2025-09-15,4,266.79,completed
10185,3,23,4,2025-02-19,5,278.83,completed
10185,4,25,20,2025-09-27,3,369.54,completed
10186,1,51,3,2025-07-11,4,253.0,completed
10186,2,32,23,2025-04-26,3,111.96,completed
10186,3,11,21,2025-11-29,1,404.28,completed
10187,1,49,18,2025-09-01,1,330.17,completed
10187,2,90,6,2025-02-12,4,443.54,completed
10187,3,83,26,2025-06-19,5,108.07,refunded
10187,4,13,29,2025-09-28,1,56.18,completed
10188,1,35,2,2025-02-08,3,153.67,completed
10188,2,73,22,2025-01-17,2,72.45,cancelled
10188,3,41,1,2025-04-17,5,266.79,completed
10188,4,92,27,2025-07-23,1,242.06,completed
10189,1,73,27,2025-07-19,5,242.06,completed
10189,2,97,24,2025-03-13,1,277.42,completed
10190,1,7,4,2025-08-12,2,278.83,completed
10190,2,44,20,2025-11-11,5,369.54,completed
10190,3,100,11,2025-01-16,3,65.28,completed
10191,1,63,8,2025-07-02,5,136.64,cancelled
10191,2,56,6,2025-12-15,5,443.54,completed
10191,3,11,25,2025-11-13,3,87.29,completed
10191,4,92,3,2025-02-12,3,253.0,completed
10192,1,95,13,2025-06-12,3,190.06,completed
10192,2,1,10,2025-08-16,3,215.39,completed
10193,1,17,3,2025-04-06,4,253.0,completed
10194,1,14,1,2025-02-15,3,266.79,completed
10194,2,77,20,2025-06-16,4,369.54,completed
10194,3,53,13,2025-02-13,5,190.06,cancelled
10194,4,32,19,2025-09-24,2,49.09,completed
10195,1,18,9,2025-06-04,3,247.03,completed
10195,2,9,6,2025-08-11,3,443.54,completed
10196,1,10,12,2025-05-09,2,336.31,completed
10196,2,64,20,2025-11-12,2,369.54,completed
10196,3,18,10,2025-01-04,4,215.39,completed
10196,4,80,13,2025-06-18,4,190.06,completed
10197,1,39,11,2025-11-05,2,65.28,completed
10197,2,23,13,2025-06-13,3,190.06,completed
10198,1,74,26,2025-05-05,3,108.07,completed
10198,2,51,12,2025-02-28,5,336.31,completed
10198,3,70,6,2025-12-16,5,443.54,completed
10198,4,94,15,2025-12-29,2,434.64,completed
10199,1,89,3,2025-07-29,4,253.0,completed
10199,2,39,8,2025-05-10,2,136.64,completed
10199,3,49,3,2025-08-18,5,253.0,completed
10200,1,69,17,2025-12-21,4,333.66,completed
10200,2,47,23,2025-10-02,5,111.96,completed
10200,3,11,4,2025-05-08,3,278.83,completed
10200,4,79,2,2025-10-16,4,153.67,cancelled
10201,1,56,4,2025-01-06,1,278.83,completed
10201,2,66,24,2025-09-23,5,277.42,completed
10201,3,74,8,2025-08-17,3,136.64,completed
10202,1,45,1,2025-09-05,1,266.79,completed
10202,2,11,4,2025-03-14,3,278.83,completed
10203,1,27,17,2025-09-05,3,333.66,completed
10203,2,57,24,2025-12-23,4,277.42,completed
10203,3,39,2,2025-12-30,1,153.67,completed
10203,4,44,21,2025-02-25,2,404.28,cancelled
10204,1,67,6,2025-10-10,2,443.54,completed
10204,2,55,15,2025-04-29,4,434.64,completed
10205,1,82,22,2025-08-10,4,72.45,completed
10205,2,79,29,2025-04-12,4,56.18,completed
10206,1,1,23,2025-04-20,2,111.96,completed
10206,2,91,26,2025-02-02,5,108.07,completed
10206,3,69,6,2025-07-07,3,443.54,completed
10206,4,15,9,2025-12-10,4,247.03,completed
10207,1,77,13,2025-11-09,4,190.06,completed
10207,2,45,12,2025-08-23,5,336.31,completed
10207,3,87,23,2025-06-02,5,111.96,completed
10208,1,41,4,2025-05-03,3,278.83,completed
10208,2,48,23,2025-03-14,5,111.96,completed
10209,1,74,13,2025-08-05,2,190.06,completed
10209,2,69,23,2025-11-27,2,111.96,completed
10210,1,37,5,2025-04-06,3,367.21,completed
10210,2,80,2,2025-07-03,1,153.67,completed
10210,3,25,27,2025-07-16,5,242.06,completed
10210,4,64,14,2025-12-17,4,217.33,completed
10211,1,63,6,2025-02-12,5,443.54,completed
10211,2,98,8,2025-05-30,1,136.64,completed
10211,3,69,10,2025-03-28,4,215.39,completed
10211,4,99,25,2025-09-11,5,87.29,completed
10212,1,35,25,2025-10-06,3,87.29,completed
10213,1,98,24,2025-08-14,5,277.42,completed
10214,1,14,24,2025-12-01,2,277.42,completed
10214,2,5,15,2025-05-15,3,434.64,completed
10214,3,12,15,2025-03-02,2,434.64,completed
10214,4,95,19,2025-12-19,3,49.09,completed
10215,1,22,20,2025-03-13,2,369.54,completed
10215,2,8,19,2025-06-29,5,49.09,completed
10215,3,69,6,2025-06-15,3,443.54,completed
10215,4,35,28,2025-09-21,1,439.75,completed
10216,1,8,9,2025-12-02,2,247.03,completed
10216,2,17,8,2025-03-16,3,136.64,completed
10216,3,98,27,2025-12-13,4,242.06,completed
10216,4,74,21,2025-05-18,4,404.28,completed
10217,1,82,26,2025-02-17,4,108.07,completed
10218,1,89,30,2025-07-08,4,407.85,cancelled
10218,2,42,19,2025-01-02,1,49.09,completed
10218,3,59,21,2025-12-07,3,404.28,completed
10219,1,28,14,2025-04-19,4,217.33,completed
10219,2,37,11,2025-10-08,5,65.28,completed
10219,3,63,26,2025-06-25,1,108.07,completed
10219,4,81,26,2025-08-24,1,108.07,completed
10220,1,57,15,2025-01-01,4,434.64,completed
10220,2,89,30,2025-03-09,3,407.85,completed
10221,1,12,21,2025-07-04,3,404.28,completed
10221,2,86,29,2025-11-29,2,56.18,completed
10221,3,81,10,2025-12-25,2,215.39,completed
10222,1,91,4,2025-01-01,2,278.83,completed
10223,1,76,8,2025-09-23,4,136.64,completed
10223,2,90,11,2025-03-03,4,65.28,completed
10224,1,10,8,2025-07-16,1,136.64,completed
10224,2,14,4,2025-06-10,3,278.83,completed
10224,3,18,13,2025-03-10,2,190.06,completed
10224,4,73,1,2025-11-09,2,266.79,completed
10225,1,81,24,2025-03-19,4,277.42,completed
10225,2,57,28,2025-04-22,1,439.75,completed
10226,1,97,4,2025-10-29,4,278.83,completed
10226,2,55,11,2025-03-13,2,65.28,completed
10227,1,32,18,2025-11-04,5,330.17,completed
10228,1,100,23,2025-01-14,3,111.96,completed
10228,2,78,17,2025-04-07,4,333.66,completed
10228,3,7,26,2025-05-03,4,108.07,completed
10229,1,64,21,2025-11-01,1,404.28,completed
10229,2,2,12,2025-06-12,2,336.31,completed
10230,1,47,18,2025-12-16,2,330.17,completed
10230,2,99,3,2025-01-09,5,253.0,completed
10230,3,34,7,2025-01-21,1,296.58,cancelled
10230,4,51,17,2025-05-27,5,333.66,completed
10231,1,90,13,2025-02-12,5,190.06,completed
10231,2,20,9,2025-02-12,3,247.03,completed
10231,3,27,26,2025-03-21,5,108.07,completed
10231,4,76,21,2025-11-29,1,404.28,completed
10232,1,94,28,2025-05-03,1,439.75,completed
10232,2,56,4,2025-08-21,5,278.83,completed
10232,3,40,22,2025-12-03,2,72.45,completed
10232,4,91,5,2025-12-26,1,367.21,completed
10233,1,67,17,2025-05-13,2,333.66,completed
10233,2,96,25,2025-05-18,1,87.29,completed
10233,3,4,11,2025-08-08,3,65.28,completed
10234,1,92,19,2025-11-18,1,49.09,completed
10234,2,66,12,2025-01-29,4,336.31,completed
10234,3,22,12,2025-03-22,3,336.31,completed
10235,1,30,24,2025-09-18,1,277.42,completed
10236,1,32,2,2025-08-30,3,153.67,completed
10237,1,23,30,2025-01-19,5,407.85,completed
10237,2,92,24,2025-12-02,4,277.42,completed
10238,1,54,30,2025-06-13,3,407.85,completed
10238,2,74,12,2025-03-03,5,336.31,completed
10239,1,23,8,2025-09-22,1,136.64,cancelled
10240,1,60,28,2025-05-25,3,439.75,completed
10241,1,2,12,2025-04-13,3,336.31,completed
10241,2,39,24,2025-11-15,2,277.42,completed
10241,3,76,16,2025-04-11,5,46.0,completed
10241,4,32,5,2025-01-04,4,367.21,completed
10242,1,82,27,2025-12-22,1,242.06,cancelled
10242,2,1,25,2025-12-03,4,87.29,completed
10242,3,94,10,2025-02-23,2,215.39,completed
10243,1,54,16,2025-01-31,2,46.0,completed
10243,2,12,2,2025-04-29,5,153.67,completed
10244,1,59,24,2025-02-13,5,277.42,completed
10244,2,18,21,2025-07-21,1,404.28,completed
10244,3,8,14,2025-12-06,2,217.33,completed
10245,1,41,30,2025-07-21,3,407.85,completed
10245,2,35,8,2025-02-08,2,136.64,completed
10245,3,99,19,2025-02-25,2,49.09,completed
10246,1,60,11,2025-07-28,1,65.28,completed
10246,2,99,7,2025-08-20,3,296.58,completed
10246,3,16,3,2025-03-22,3,253.0,completed
10246,4,90,20,2025-01-21,2,369.54,completed
10247,1,19,3,2025-12-31,2,253.0,cancelled
10247,2,51,17,2025-01-26,3,333.66,completed
10247,3,23,1,2025-07-27,4,266.79,completed
10248,1,13,15,2025-02-22,2,434.64,completed
10248,2,8,27,2025-04-24,2,242.06,completed
10249,1,48,22,2025-11-19,1,72.45,completed
10249,2,34,30,2025-02-08,1,407.85,refunded
10249,3,26,29,2025-11-27,4,56.18,completed
10249,4,12,29,2025-06-19,1,56.18,completed
10250,1,7,6,2025-10-21,4,443.54,completed
10250,2,51,16,2025-01-16,4,46.0,completed
10250,3,23,12,2025-04-20,2,336.31,completed
10250,4,58,29,2025-03-18,1,56.18,completed
10251,1,83,10,2025-09-13,4,215.39,completed
10251,2,62,2,2025-02-14,3,153.67,completed
10252,1,26,21,2025-09-27,2,404.28,completed
10252,2,70,26,2025-01-10,4,108.07,completed
10252,3,46,16,2025-10-06,4,46.0,completed
10252,4,73,17,2025-06-14,4,333.66,completed
10253,1,41,20,2025-04-23,1,369.54,completed
10254,1,8,26,2025-08-30,5,108.07,completed
10254,2,75,8,2025-03-23,1,136.64,completed
10254,3,31,9,2025-10-01,1,247.03,completed
10255,1,74,28,2025-07-18,3,439.75,cancelled
10255,2,23,6,2025-05-02,5,443.54,completed
10256,1,76,1,2025-12-27,3,266.79,cancelled
10256,2,73,5,2025-10-16,2,367.21,completed
10256,3,64,18,2025-06-08,2,330.17,completed
10257,1,8,8,2025-11-05,2,136.64,completed
10258,1,1,11,2025-11-11,2,65.28,completed
10258,2,44,23,2025-04-01,3,111.96,completed
10258,3,19,19,2025-12-27,2,49.09,completed
10258,4,68,28,2025-07-06,1,439.75,completed
10259,1,76,4,2025-06-22,3,278.83,completed
10259,2,21,24,2025-08-12,4,277.42,completed
10259,3,23,23,2025-10-15,5,111.96,completed
10259,4,29,22,2025-10-29,2,72.45,completed
10260,1,17,6,2025-01-01,5,443.54,completed
10260,2,99,19,2025-01-17,2,49.09,completed
10260,3,79,8,2025-11-24,5,136.64,completed
10261,1,19,11,2025-02-09,2,65.28,completed
10261,2,41,6,2025-11-22,1,443.54,completed
10261,3,86,21,2025-06-21,4,404.28,completed
10261,4,27,8,2025-12-21,1,136.64,completed
10262,1,93,1,2025-01-25,4,266.79,completed
10263,1,22,29,2025-07-31,4,56.18,completed
10263,2,45,18,2025-07-12,1,330.17,completed
10263,3,74,21,2025-12-18,2,404.28,completed
10263,4,10,26,2025-01-18,3,108.07,completed
10264,1,14,3,2025-06-25,2,253.0,completed
10264,2,21,24,2025-02-08,5,277.42,cancelled
10264,3,12,11,2025-11-01,5,65.28,completed
10265,1,56,21,2025-03-26,5,404.28,completed
10266,1,7,4,2025-06-19,2,278.83,refunded
10266,2,53,23,2025-10-11,5,111.96,completed
10267,1,39,8,2025-02-19,1,136.64,completed
10267,2,71,27,2025-09-09,2,242.06,completed
10267,3,1,14,2025-02-14,3,217.33,completed
10268,1,26,4,2025-01-14,2,278.83,completed
10268,2,38,3,2025-08-31,1,253.0,completed
10268,3,51,16,2025-09-08,3,46.0,completed
10268,4,70,13,2025-04-05,3,190.06,completed
10269,1,24,15,2025-01-23,3,434.64,completed
10269,2,34,8,2025-05-18,5,136.64,completed
10269,3,97,23,2025-12-08,1,111.96,completed
10270,1,70,14,2025-10-29,2,217.33,completed
10270,2,50,27,2025-09-25,4,242.06,cancelled
10270,3,88,28,2025-09-01,5,439.75,completed
10271,1,39,3,2025-07-22,1,253.0,completed
10271,2,67,26,2025-10-20,5,108.07,completed
10271,3,97,15,2025-03-30,2,434.64,refunded
10271,4,25,5,2025-01-22,4,367.21,completed
10272,1,26,27,2025-11-18,2,242.06,completed
10272,2,34,11,2025-02-04,1,65.28,completed
10272,3,51,18,2025-06-16,3,330.17,completed
10272,4,2,26,2025-12-25,5,108.07,completed
10273,1,15,14,2025-03-18,2,217.33,completed
10273,2,75,25,2025-02-21,1,87.29,completed
10273,3,13,26,2025-05-27,5,108.07,completed
10273,4,53,9,2025-07-16,4,247.03,completed
10274,1,5,6,2025-05-22,4,443.54,completed
10274,2,78,22,2025-12-22,4,72.45,completed
10274,3,43,23,2025-05-02,1,111.96,completed
10274,4,35,29,2025-07-10,1,56.18,completed
10275,1,40,9,2025-09-09,1,247.03,refunded
10275,2,30,5,2025-06-03,4,367.21,completed
10275,3,42,9,2025-08-02,5,247.03,completed
10276,1,57,7,2025-07-28,4,296.58,completed
10276,2,48,27,2025-01-29,5,242.06,completed
10277,1,40,23,2025-09-17,4,111.96,completed
10278,1,23,7,2025-04-13,1,296.58,completed
10279,1,7,30,2025-07-04,2,407.85,completed
10279,2,60,17,2025-07-23,1,333.66,completed
10279,3,31,12,2025-09-08,5,336.31,completed
10279,4,61,19,2025-10-10,3,49.09,completed
10280,1,96,27,2025-12-19,1,242.06,completed
10280,2,50,2,2025-03-25,5,153.67,completed
10280,3,28,28,2025-04-24,2,439.75,completed
10281,1,84,14,2025-09-20,1,217.33,completed
10281,2,99,22,2025-01-05,4,72.45,cancelled
10281,3,83,6,2025-11-04,1,443.54,completed
10282,1,92,23,2025-11-26,3,111.96,completed
10282,2,49,28,2025-06-28,4,439.75,completed
10282,3,60,10,2025-12-13,5,215.39,completed
10283,1,75,4,2025-01-04,5,278.83,refunded
10283,2,48,18,2025-11-28,5,330.17,completed
10283,3,39,22,2025-02-25,4,72.45,completed
10283,4,36,21,2025-06-16,3,404.28,completed
10284,1,25,5,2025-09-22,2,367.21,completed
10284,2,77,13,2025-12-05,3,190.06,completed
10284,3,93,1,2025-12-02,4,266.79,refunded
10285,1,54,13,2025-07-18,1,190.06,completed
10285,2,74,27,2025-04-08,3,242.06,completed
10285,3,29,22,2025-10-01,4,72.45,cancelled
10286,1,65,10,2025-03-29,5,215.39,completed
10286,2,13,16,2025-03-07,3,46.0,completed
10286,3,72,25,2025-04-04,3,87.29,completed
10287,1,46,8,2025-06-07,4,136.64,completed
10287,2,43,12,2025-05-14,5,336.31,completed
10288,1,61,2,2025-11-21,5,153.67,completed
10289,1,61,29,2025-04-10,5,56.18,completed
10290,1,68,10,2025-07-31,1,215.39,completed
10290,2,20,5,2025-04-13,3,367.21,completed
10290,3,73,29,2025-08-23,2,56.18,completed
10290,4,92,6,2025-02-11,4,443.54,completed
10291,1,41,21,2025-01-30,1,404.28,completed
10291,2,27,25,2025-03-28,5,87.29,completed
10292,1,98,25,2025-02-15,2,87.29,completed
10292,2,82,14,2025-07-26,4,217.33,cancelled
10292,3,50,1,2025-01-20,5,266.79,completed
10292,4,48,1,2025-06-14,5,266.79,completed
10293,1,81,24,2025-05-08,2,277.42,completed
10294,1,40,5,2025-02-22,4,367.21,completed
10294,2,40,6,2025-02-03,1,443.54,completed
10294,3,38,15,2025-09-24,5,434.64,completed
10295,1,88,5,2025-06-25,4,367.21,completed
10295,2,25,6,2025-07-26,1,443.54,completed
10295,3,94,5,2025-04-19,1,367.21,completed
10295,4,22,4,2025-07-07,1,278.83,completed
10296,1,99,18,2025-11-16,1,330.17,completed
10296,2,7,22,2025-02-25,1,72.45,completed
10296,3,15,14,2025-08-16,4,217.33,completed
10297,1,61,23,2025-03-20,2,111.96,completed
10297,2,81,1,2025-06-04,4,266.79,completed
10297,3,85,17,2025-05-19,5,333.66,completed
10298,1,54,27,2025-02-23,5,242.06,completed
10298,2,16,10,2025-02-28,1,215.39,completed
10299,1,100,9,2025-09-25,2,247.03,completed
10299,2,53,10,2025-03-24,1,215.39,completed
10300,1,89,30,2025-09-04,3,407.85,completed
10300,2,2,22,2025-02-15,1,72.45,completed
10301,1,20,3,2025-09-19,1,253.0,completed
10301,2,13,29,2025-05-12,2,56.18,completed
10301,3,38,9,2025-08-26,1,247.03,completed
10301,4,23,28,2025-01-21,3,439.75,completed
10302,1,55,24,2025-03-01,1,277.42,completed
10302,2,6,1,2025-03-12,2,266.79,completed
10302,3,57,20,2025-05-18,1,369.54,completed
10303,1,24,4,2025-07-25,4,278.83,cancelled
10303,2,35,27,2025-07-17,4,242.06,completed
10303,3,84,29,2025-03-27,1,56.18,completed
10304,1,21,4,2025-08-02,5,278.83,completed
10305,1,24,20,2025-07-14,3,369.54,completed
10305,2,88,29,2025-03-08,4,56.18,cancelled
10305,3,15,29,2025-07-30,4,56.18,completed
10305,4,34,21,2025-06-10,1,404.28,completed
10306,1,86,28,2025-06-23,5,439.75,completed
10306,2,90,20,2025-02-18,4,369.54,completed
10307,1,62,12,2025-12-06,4,336.31,completed
10307,2,72,29,2025-11-10,1,56.18,completed
10308,1,65,28,2025-08-29,4,439.75,completed
10308,2,10,25,2025-09-09,3,87.29,completed
10309,1,7,17,2025-04-25,5,333.66,completed
10309,2,52,27,2025-05-01,1,242.06,completed
10309,3,74,15,2025-02-15,4,434.64,completed
10310,1,64,24,2025-12-01,1,277.42,completed
10311,1,5,18,2025-10-09,1,330.17,completed
10311,2,78,20,2025-11-23,3,369.54,completed
10311,3,72,7,2025-12-02,4,296.58,cancelled
10311,4,47,27,2025-01-28,2,242.06,completed
10312,1,72,25,2025-11-14,5,87.29,completed
10312,2,85,12,2025-08-20,1,336.31,completed
10312,3,85,8,2025-01-02,3,136.64,completed
10313,1,71,17,2025-07-11,1,333.66,completed
10313,2,22,16,2025-03-13,4,46.0,completed
10313,3,79,7,2025-04-07,1,296.58,cancelled
10314,1,28,15,2025-04-08,3,434.64,completed
10314,2,54,2,2025-11-21,5,153.67,completed
10314,3,58,15,2025-12-04,5,434.64,cancelled
10314,4,18,16,2025-01-03,5,46.0,completed
10315,1,75,16,2025-09-18,2,46.0,completed
10315,2,23,24,2025-03-07,1,277.42,completed
10315,3,77,20,2025-06-14,5,369.54,completed
10315,4,54,20,2025-12-21,2,369.54,completed
10316,1,38,15,2025-03-10,2,434.64,completed
10316,2,90,29,2025-09-20,3,56.18,completed
10316,3,71,28,2025-06-10,5,439.75,completed
10317,1,27,20,2026-01-01,3,369.54,completed
10317,2,87,5,2025-12-30,2,367.21,completed
10318,1,91,4,2025-06-30,5,278.83,completed
10318,2,74,22,2025-12-30,4,72.45,completed
10318,3,69,10,2025-08-05,1,215.39,completed
10319,1,49,5,2025-01-28,1,367.21,completed
10320,1,37,22,2025-05-09,2,72.45,completed
10320,2,89,26,2025-06-01,2,108.07,completed
10321,1,46,27,2025-08-20,1,242.06,completed
10322,1,96,21,2025-10-15,4,404.28,completed
10322,2,90,10,2025-12-21,1,215.39,cancelled
10323,1,54,26,2025-12-17,3,108.07,cancelled
10323,2,7,1,2025-05-09,2,266.79,completed
10323,3,100,28,2025-08-15,2,439.75,cancelled
10323,4,91,23,2025-11-28,3,111.96,completed
10324,1,100,24,2025-04-10,3,277.42,completed
10324,2,88,3,2025-04-06,2,253.0,completed
10325,1,49,2,2025-08-08,3,153.67,completed
10326,1,21,19,2025-05-11,1,49.09,completed
10326,2,91,30,2025-03-21,1,407.85,completed
10327,1,77,2,2025-11-17,5,153.67,completed
10327,2,39,16,2025-10-21,5,46.0,completed
10327,3,91,11,2025-09-27,2,65.28,cancelled
10328,1,65,6,2025-08-01,5,443.54,completed
10329,1,45,8,2025-04-20,3,136.64,completed
10330,1,28,25,2025-11-13,5,87.29,completed
10330,2,72,27,2025-11-29,1,242.06,completed
10330,3,45,15,2025-05-04,5,434.64,cancelled
10331,1,6,22,2025-06-14,4,72.45,cancelled
10331,2,15,13,2025-05-12,5,190.06,completed
10332,1,67,27,2025-07-11,5,242.06,completed
10333,1,63,2,2025-06-01,2,153.67,completed
10333,2,11,4,2025-03-27,5,278.83,completed
10333,3,81,3,2025-04-18,2,253.0,completed
10333,4,55,27,2025-02-23,2,242.06,completed
10334,1,83,27,2025-02-06,2,242.06,completed
10334,2,92,11,2025-01-20,1,65.28,completed
10334,3,23,26,2025-05-09,5,108.07,completed
10334,4,30,30,2025-05-13,4,407.85,completed
10335,1,56,11,2025-01-09,4,65.28,completed
10335,2,69,1,2025-11-25,5,266.79,completed
10335,3,96,19,2025-01-24,1,49.09,completed
10335,4,65,4,2025-05-29,3,278.83,completed
10336,1,98,30,2025-08-13,4,407.85,completed
10336,2,85,1,2025-08-31,2,266.79,completed
10336,3,18,24,2025-07-20,5,277.42,completed
10337,1,39,22,2025-11-28,3,72.45,cancelled
10337,2,2,18,2025-10-12,2,330.17,completed
10338,1,74,20,2025-07-21,5,369.54,completed
10339,1,40,7,2025-06-26,2,296.58,completed
10340,1,21,6,2025-04-24,5,443.54,completed
10340,2,25,4,2025-04-03,5,278.83,completed
10341,1,83,18,2025-02-07,3,330.17,completed
10341,2,33,4,2025-04-12,5,278.83,completed
10341,3,43,12,2025-03-07,2,336.31,completed
10341,4,80,3,2025-04-10,3,253.0,completed
10342,1,79,22,2025-06-06,5,72.45,completed
10342,2,73,12,2025-06-11,4,336.31,completed
10342,3,41,8,2025-04-24,4,136.64,completed
10343,1,18,22,2025-06-19,4,72.45,completed
10343,2,46,25,2025-06-06,4,87.29,completed
10343,3,23,21,2025-11-07,1,404.28,completed
10344,1,69,7,2025-05-15,1,296.58,completed
10344,2,3,28,2025-09-17,1,439.75,completed
10345,1,99,19,2025-04-19,1,49.09,completed
10345,2,70,29,2025-10-04,4,56.18,completed
10345,3,20,12,2025-07-20,2,336.31,completed
10345,4,76,24,2025-05-29,2,277.42,completed
10346,1,51,12,2025-09-15,1,336.31,completed
10347,1,97,17,2025-03-13,4,333.66,completed
10347,2,73,19,2025-12-04,2,49.09,completed
10348,1,46,2,2025-04-23,4,153.67,completed
10348,2,34,12,2025-04-30,1,336.31,completed
10348,3,67,30,2025-07-04,4,407.85,completed
10348,4,59,29,2025-01-24,1,56.18,refunded
10349,1,14,23,2025-09-24,3,111.96,completed
10349,2,34,19,2025-10-06,5,49.09,completed
10349,3,84,13,2025-07-07,5,190.06,completed
10350,1,67,9,2025-07-12,2,247.03,completed
10351,1,45,16,2025-09-04,5,46.0,completed
10351,2,18,15,2025-03-26,2,434.64,completed
10351,3,83,9,2025-04-19,2,247.03,completed
10352,1,78,23,2025-03-02,2,111.96,completed
10352,2,43,24,2025-02-28,4,277.42,completed
10352,3,62,7,2025-10-30,2,296.58,completed
10353,1,3,8,2025-01-23,2,136.64,completed
10353,2,21,5,2025-11-19,5,367.21,completed
10353,3,74,5,2025-01-29,2,367.21,completed
10353,4,24,17,2025-07-27,5,333.66,cancelled
10354,1,93,24,2025-12-05,3,277.42,cancelled
10355,1,58,20,2025-08-30,4,369.54,completed
10355,2,53,20,2025-03-15,5,369.54,completed
10356,1,80,22,2025-09-19,3,72.45,completed
10356,2,88,11,2025-08-21,5,65.28,completed
10357,1,49,13,2025-03-09,1,190.06,completed
10357,2,67,28,2025-09-16,4,439.75,completed
10358,1,23,16,2025-11-11,5,46.0,completed
10359,1,12,16,2025-12-04,2,46.0,cancelled
10360,1,100,22,2025-11-29,4,72.45,completed
10361,1,6,23,2025-09-29,4,111.96,completed
10361,2,62,26,2025-07-15,3,108.07,completed
10361,3,95,30,2025-12-23,5,407.85,completed
10362,1,33,16,2025-04-30,1,46.0,completed
10362,2,70,14,2025-05-12,2,217.33,completed
10363,1,74,17,2025-03-02,5,333.66,completed
10364,1,89,26,2025-06-11,4,108.07,completed
10364,2,20,14,2025-11-30,5,217.33,completed
10365,1,73,12,2025-11-10,3,336.31,refunded
10365,2,51,25,2025-04-15,4,87.29,completed
10365,3,72,16,2025-04-02,3,46.0,completed
10365,4,62,9,2025-06-07,5,247.03,completed
10366,1,95,5,2025-12-04,1,367.21,completed
10366,2,58,26,2025-12-25,2,108.07,completed
10366,3,66,13,2025-06-23,5,190.06,completed
10366,4,88,23,2025-01-27,2,111.96,completed
10367,1,12,27,2025-03-16,4,242.06,cancelled
10368,1,12,3,2025-05-15,2,253.0,completed
10368,2,78,2,2025-07-16,4,153.67,completed
10368,3,67,10,2025-12-31,5,215.39,completed
10368,4,100,27,2025-03-31,4,242.06,completed
10369,1,85,30,2025-09-23,3,407.85,completed
10369,2,77,17,2025-09-22,2,333.66,completed
10370,1,47,8,2025-12-02,1,136.64,refunded
10371,1,36,25,2025-07-24,3,87.29,completed
10372,1,76,7,2025-09-23,1,296.58,completed
10372,2,9,30,2025-02-16,5,407.85,completed
10372,3,72,30,2025-10-26,3,407.85,completed
10372,4,36,8,2025-11-07,2,136.64,completed
10373,1,74,1,2025-05-14,2,266.79,completed
10373,2,14,18,2025-02-07,5,330.17,completed
10373,3,15,26,2025-09-20,3,108.07,completed
10373,4,74,9,2025-12-22,4,247.03,cancelled
10374,1,99,8,2025-06-23,4,136.64,completed
10374,2,76,28,2025-01-15,4,439.75,completed
10374,3,9,13,2025-11-21,2,190.06,completed
10374,4,30,26,2025-06-11,4,108.07,cancelled
10375,1,90,27,2025-05-15,2,242.06,completed
10376,1,87,24,2025-06-25,1,277.42,completed
10376,2,23,16,2025-06-10,3,46.0,completed
10376,3,74,9,2025-04-04,2,247.03,completed
10376,4,26,8,2025-05-04,3,136.64,completed
10377,1,32,27,2025-11-13,3,242.06,completed
10377,2,14,4,2025-02-10,4,278.83,completed
10378,1,62,12,2025-11-14,3,336.31,completed
10379,1,63,6,2025-09-19,3,443.54,completed
10379,2,97,19,2025-03-07,1,49.09,completed
10379,3,55,16,2025-10-04,1,46.0,completed
10380,1,88,25,2025-03-31,4,87.29,refunded
10380,2,90,17,2025-08-24,3,333.66,completed
10380,3,2,22,2025-04-18,4,72.45,completed
10380,4,42,12,2025-11-10,3,336.31,completed
10381,1,31,9,2025-08-30,5,247.03,completed
10381,2,24,16,2025-08-06,2,46.0,completed
10381,3,97,12,2025-07-06,4,336.31,completed
10382,1,74,5,2025-10-22,2,367.21,completed
10382,2,93,9,2025-05-01,5,247.03,completed
10383,1,26,5,2025-03-18,4,367.21,completed
10383,2,23,14,2025-09-13,2,217.33,refunded
10383,3,81,17,2025-10-01,3,333.66,completed
10383,4,39,9,2025-10-15,5,247.03,completed
10384,1,89,6,2025-01-31,2,443.54,completed
10385,1,81,4,2025-08-19,3,278.83,completed
10385,2,47,18,2025-10-13,3,330.17,completed
